popularity,song,file
73,Like a Rolling Stone,larollin.txt
72,Knockin' On Heaven's Door - Remastered,knockonheaven.txt
69,Hurricane,hurrycane.txt
66,Girl from the North Country,somethingthere.txt
65,Shelter from the Storm,shelter.txt
63,Mr. Tambourine Man,mrtombou.txt
63,Tangled up in Blue,tangledup.txt
61,"Lay, Lady, Lay",laylady.txt
59,"Baby, Let Me Follow You Down - Live from London 5/26/66",babymood.txt
59,The Man in Me,maninme.txt
58,Subterranean Homesick Blues,subterre.txt
58,I Want You,iwantyou.txt
57,Simple Twist of Fate,simpletwist.txt
56,All Along the Watchtower,aawatcht.txt
56,Ballad of a Thin Man,ballthin.txt
55,Just Like a Woman,jliwoman.txt
55,Like a Rolling Stone - Live from London 5/26/66,larollin.txt
54,Visions of Johanna,visionjo.txt
54,Forever Young - Slow Version,foreveryoung.txt
54,"It's All over Now, Baby Blue",ishallbereleased.txt
53,One More Cup of Coffee,onemocoffee.txt
53,Rainy Day Women #12 & 35,rai12&35.txt
52,Billy 1 - Remastered,billy.txt
52,Changing of the Guards - Remastered,aingogri.txt
51,"It's Alright, Ma (I'm Only Bleeding)",tonightill.txt
51,"If You See Her, Say Hello",ifyouseeher.txt
50,Make You Feel My Love,myfmlove.txt
50,Buckets of Rain,slowtrain.txt
50,Desolation Row,desolati.txt
50,Meet Me in the Morning,newmorning.txt
49,Queen Jane Approximately,queenjan.txt
49,Highway 61 Revisited,highwater.txt
49,Stuck Inside of Mobile with the Memphis Blues Again,littlesadie.txt
49,Jokerman,jokerman.txt
49,Not Dark Yet,notdark.txt
49,You're Gonna Make Me Lonesome When You Go,youmakelon.txt
48,Maggie's Farm,maggiefa.txt
48,Forever Young - Fast Version,foreveryoung.txt
48,Isis,isis.txt
48,Idiot Wind,blowwind.txt
47,If Not for You,ifnotforyou.txt
47,Tombstone Blues,tombston.txt
47,You're a Big Girl Now,youbiggirl.txt
46,Gotta Serve Somebody,gottaserve.txt
46,"Lily, Rosemary and the Jack of Hearts",ifyouseeher.txt
46,Most of the Time,mosttime.txt
46,Sad-Eyed Lady of the Lowlands,saved.txt
45,Leopard-Skin Pill-Box Hat,leopard.txt
45,She Belongs to Me,shebelon.txt
45,Just Like Tom Thumb's Blues,julittbl.txt
45,Sara,sara.txt
45,"It Takes a Lot to Laugh, It Takes a Train to Cry",freighttrain.txt
45,Thunder on the Mountain,deathemt.txt
45,Man in the Long Black Coat,downintheflood.txt
45,I Guess I'll Have to Change My Plans,gonnachange.txt
45,The Best Is Yet to Come,honestwith.txt
44,Tonight I'll Be Staying Here with You,tonightill.txt
44,Mozambique,mozamb.txt
44,One of Us Must Know (Sooner or Later),onemocoffee.txt
44,I Threw It All Away,ritamay.txt
44,September of My Years,steelbar.txt
44,"Oh, Sister",ohsister.txt
44,Love Minus Zero,somethingthere.txt
44,Precious Angel,preciousangel.txt
43,I Shall be Released - Take 1,ishallbereleased.txt
43,I'll Be Your Baby Tonight,onemorenight.txt
43,Love Sick,lovesick.txt
43,The Times They Are A-Changin' - Live,thingshave.txt
43,Sweetheart Like You,whereareyou.txt
43,From a Buick 6,frobuick.txt
42,Nashville Skyline Rag,angelina.txt
42,I Could Have Told You,iwantyou.txt
42,Workingman's Blues #2,worrblue.txt
42,Fourth Time Around,foreveryoung.txt
42,Just Like a Woman - Live from Manchester 5/17/66,jliwoman.txt
42,Mississippi,mississ.txt
42,Every Grain of Sand,everygrain.txt
42,To Be Alone with You,tobealone.txt
41,Country Pie,countrypie.txt
41,Tell Me That It Isn't True,tellmethat.txt
41,One More Night,onemorenight.txt
41,Once Upon a Time,notime.txt
41,Peggy Day,peggyday.txt
41,Bob Dylan's 115th Dream,bobdream.txt
41,Most Likely You Go Your Way (And I'll Go Mine),tomorrowisalong.txt
41,Stormy Weather,highwater.txt
41,Wigwam - Remastered,wiggle.txt
41,Born In Time - (Unreleased) [Oh Mercy],borntime.txt
41,Absolutely Sweet Marie,absolusm.txt
41,Black Diamond Bay,blackdia.txt
41,Romance in Durango,romance.txt
41,Autumn Leaves,thingshave.txt
41,Pledging My Time,pledging.txt
40,Braggin',fraggie.txt
40,My One and Only Love,byeandbye.txt
40,This Nearly Was Mine,heartmine.txt
40,Temporary Like Achilles,tomorrowisalong.txt
40,Joey,joey.txt
40,Million Dollar Bash,million.txt
40,On the Road Again,onroadag.txt
40,Ain't Talkin',tvtalkin.txt
40,Nettie Moore,neighbor.txt
40,"Red River Shore - Unreleased, Time Out Of Mind",neversay.txt
40,Idiot Wind,blowwind.txt
40,Dark Eyes - Remastered,darkeye.txt
40,Outlaw Blues,outlawblu.txt
40,Long and Wasted Years,longdist.txt
40,That Old Feeling,larollin.txt
39,Moonshiner,moonshin.txt
39,Obviously Five Believers,ibelieve.txt
39,High Water (For Charley Patton),highwater.txt
39,The Times They Are A-Changin',thingshave.txt
39,Sara - Live,sara.txt
39,Wedding Song,wedding.txt
39,Slow Train,slowtrain.txt
39,Man Gave Names to All the Animals,angelina.txt
39,Duquesne Whistle,denise.txt
39,It Gets Lonely Early,steelbar.txt
39,Imagination,iwantyou.txt
39,How Deep is the Ocean,somethingthere.txt
39,Gates of Eden,gateeden.txt
39,One Too Many Mornings,newmorning.txt
38,Sign on the Window,signonthe.txt
38,Main Title Theme (Billy) - Remastered,maninme.txt
38,Tangled Up in Blue,tangledup.txt
38,Standing in the Doorway,downintheflood.txt
38,Ring Them Bells,ringembe.txt
38,License to Kill,licekill.txt
38,As Time Goes By,hatimeny.txt
38,"Ring Them Bells - Live, The Supper Club, 1993",ringembe.txt
38,P.S. I Love You,alloveyu.txt
38,Let Me Die In My Footsteps,letmedie.txt
38,There's a Flaw in My Flue,whereareyou.txt
38,Blood in My Eyes - Remastered,bloodinm.txt
38,Forgetful Heart,love4let.txt
38,Trade Winds,troumind.txt
37,"Don't Think Twice, It's All Right - Demo",nothingdeliv.txt
37,John Wesley Harding,jwhardin.txt
37,The Ballad of Frankie Lee and Judas Priest,ishallbereleased.txt
37,Knockin' on Heaven's Door - Live,knockonheaven.txt
37,Is Your Love in Vain? - Remastered,isyolovain.txt
37,Melancholy Mood,babymood.txt
37,Pretty Saro - (Unreleased) [Self Portrait],pressin.txt
37,The Best Is Yet to Come,honestwith.txt
36,He Was a Friend of Mine,heartmine.txt
36,Here's That Rainy Day,freighttrain.txt
36,I'm A Fool To Want You,iwantyou.txt
36,Where Is the One,whereareyou.txt
36,You Ain't Goin' Nowhere,goinnowhere.txt
36,Se√±or (Tales of Yankee Power) - Remastered,loandbehold.txt
36,Don't Fall Apart on Me Tonight,onemorenight.txt
36,"Mama, You Been On My Mind",mayuonmy.txt
36,This Wheel's On Fire,wheelfire.txt
36,But Beautiful,unbeliev.txt
36,New Morning,newmorning.txt
36,I Dreamed I Saw St. Augustine,idreamsa.txt
36,Everything Is Broken,everygrain.txt
36,These Foolish Things,spanishis.txt
36,As I Went out One Morning,newmorning.txt
36,Spirit on the Water,highwater.txt
35,Once Upon a Time,notime.txt
35,Trying to Get to Heaven,knockonheaven.txt
35,I Couldn't Sleep a Wink Last Night,onemorenight.txt
35,Cold Irons Bound,coldiron.txt
35,I and I,standhiw.txt
35,I Could Have Told You,iwantyou.txt
35,Sentimental Journey,tobealone.txt
35,Political World,politwor.txt
35,All Along the Watchtower - Live,aawatcht.txt
35,When the World Was Young,tomorrowisalong.txt
35,Somewhere Along the Way,somethingthere.txt
35,My One and Only Love,byeandbye.txt
35,"Day In, Day Out",tinymont.txt
35,When the World Was Young,tomorrowisalong.txt
35,Like a Rolling Stone - Live,larollin.txt
35,I Believe in You,ibelieve.txt
35,Day of the Locusts,daysoflo.txt
35,Went to See the Gypsy,wenseegy.txt
35,Shooting Star,shootsta.txt
35,You Go to My Head,somgotho.txt
35,Someday Baby,sugarbaby.txt
35,It's Funny to Everyone but Me,foreveryoung.txt
35,That Old Black Magic,blackjac.txt
34,Why Was I Born,californ.txt
34,Stay with Me,itaintme.txt
34,Sentimental Journey,tobealone.txt
34,Rollin' and Tumblin',nothingdeliv.txt
34,Brownsville Girl - Remastered,browvill.txt
34,It's Funny to Everyone but Me,foreveryoung.txt
34,Stardust,standhiw.txt
34,Shelter from the Storm - Remastered,shelter.txt
34,"Going, Going, Gone",goinggoing.txt
34,Beyond Here Lies Nothin',houserisin.txt
34,Stardust,standhiw.txt
34,Drifter's Escape,drifters.txt
34,Dirt Road Blues,dirtroad.txt
34,Went to See the Gypsy - Demo,wenseegy.txt
34,Soon After Midnight,onemorenight.txt
34,These Foolish Things,spanishis.txt
34,"Most of the Time - Alternate Version, Oh Mercy",mosttime.txt
34,Mississippi - (Unreleased) [Time Out Of Mind],mississ.txt
34,That Old Feeling,larollin.txt
34,Maybe You'll Be There,ifyouseeher.txt
34,"Baby, Stop Crying - Remastered",babystop.txt
34,Young At Heart,youmakelon.txt
34,The Night We Called It A Day,tonightill.txt
34,Highway 61 Revisited - Alternate Take,highwater.txt
34,Subterranean Homesick Blues,subterre.txt
34,Neighborhood Bully,neighbor.txt
34,Why Try to Change Me Now,hurrycane.txt
33,I Shall Be Released,ishallbereleased.txt
33,Tight Connection to My Heart (Has Anyone Seen My Love) - Remastered,timepassesslowly.txt
33,Where Are You Tonight? (Journey Through Dark Heat) - Remastered,whereareyou.txt
33,Polka Dots And Moonbeams,loandbehold.txt
33,Some Enchanted Evening,somethingthere.txt
33,Man of Peace,manpeace.txt
33,What Good Am I?,whagooam.txt
33,All The Way,allthetired.txt
33,Skylark,laylady.txt
33,"Farewell, Angelina",angelina.txt
33,Folsom Prison Blues,houserisin.txt
33,Final Theme - Remastered,itaintme.txt
33,I Was Young When I Left Home,ifyouseeher.txt
33,Time Passes Slowly,timepassesslowly.txt
33,Billy 4 - Remastered,billy.txt
33,All the Tired Horses - Remastered,allthetired.txt
33,The Boxer - Remastered,shelter.txt
33,Dear Landlord,dearland.txt
33,Til I Fell in Love with You,tifilove.txt
33,A Hard Rain's A-Gonna Fall - Live Version,hardrain.txt
33,Highlands,highland.txt
33,Million Miles,million.txt
33,When the Deal Goes Down,walkdown.txt
32,Mr. Tambourine Man - Live from London 5/26/66,mrtombou.txt
32,I Pity the Poor Immigrant,ipitypim.txt
32,Roll on John,diamonjo.txt
32,New Pony - Remastered,newpony.txt
32,Cantina Theme (Workin' for the Law) - Remastered,catinwel.txt
32,Bunkhouse Theme - Remastered,ifyouseeher.txt
32,River Theme - Remastered,deathemt.txt
32,When You Gonna Wake Up,whenyouwake.txt
32,Do Right to Me Baby (Do Unto Others),somethingthere.txt
32,Gonna Change My Way of Thinking,gonnachange.txt
32,Like a Rolling Stone - Live from Manchester 5/17/66,larollin.txt
32,Pay in Blood,catinwel.txt
32,What Was It You Wanted,whenyouwake.txt
32,Three Angels,threeangels.txt
32,House Carpenter,houscarp.txt
32,"Love Minus Zero, No Limit - Live, Remastered",onemorenight.txt
32,"Shelter from the Storm - Live, Remastered",shelter.txt
32,If Dogs Run Free,ifdogs.txt
32,"Mr. Tambourine Man - Live, Remastered",mrtombou.txt
32,Winterlude,winterlude.txt
32,You Ain't Goin' Nowhere - Take 1,goinnowhere.txt
32,Where Teardrops Fall,whereareyou.txt
32,(Quinn the Eskimo) The Mighty Quinn - Remastered,onemorenight.txt
32,When I Paint My Masterpiece - Demo,masterpiece.txt
32,I Am a Lonesome Hobo,lonehobo.txt
32,Tombstone Blues - Live,tombston.txt
32,Tempest,memphisb.txt
32,Full Moon and Empty Arms,loandbehold.txt
32,This Land Is Your Land - Live Version,handydan.txt
32,Song to Woody,songwoody.txt
32,Early Roman Kings,hardrain.txt
32,Fourth Time Around - Live from Manchester 5/17/66,foreveryoung.txt
32,Shooting Star - Live,shootsta.txt
32,Goin' to Acapulco,goinacapulco.txt
32,What'll I Do,whatcani.txt
32,That Lucky Old Sun,tangledup.txt
32,Union Sundown,union.txt
32,Beyond the Horizon,lonehobo.txt
32,True Love Tends to Forget - Remastered,trueloveten.txt
32,Can't Wait,cantwait.txt
31,Million Dollar Bash - Take 1,million.txt
31,Days of '49 - Remastered,daysoflo.txt
31,Like a Rolling Stone - Remastered,larollin.txt
31,"It's All over Now, Baby Blue - Alternate Take",ishallbereleased.txt
31,Dink's Song,song.txt
31,One More Weekend,onemorenight.txt
31,Where Are You?,whereareyou.txt
31,Odds and Ends - (Alternate Version) Take 1,oddsends.txt
31,The Wicked Messenger,wickmess.txt
31,The Levee's Gonna Break,legionna.txt
31,Father of Night,fatherof.txt
31,900 Miles from My Home,somgotho.txt
31,Hard Times In New York Town - Live,hatimeny.txt
31,She Belongs to Me - Live from London 5/26/66,shebelon.txt
31,No Time to Think - Remastered,notime.txt
31,Come Rain or Come Shine,heartmine.txt
31,Odds and Ends,oddsends.txt
31,On a Night Like This,nightlike.txt
31,Tough Mama,toughmama.txt
31,Walkin' Down the Line,walkdown.txt
31,"It's All Over Now, Baby Blue - Live from London 5/26/66",ishallbereleased.txt
31,Dirge,dirge.txt
31,Desolation Row - Live,desolati.txt
31,Visions of Johanna - Live from London 5/26/66,visionjo.txt
31,Tonight I'll Be Staying Here with You - Live,tonightill.txt
31,"Time Passes Slowly #1 - Alternate Version, New Morning",timepassesslowly.txt
31,If Not for You,ifnotforyou.txt
31,Can't Help Falling in Love - Remastered,nothingdeliv.txt
31,Knockin' on Heaven's Door - Remastered,knockonheaven.txt
31,Mr. Bojangles - Remastered,preciousangel.txt
31,Scarlet Town,californ.txt
31,Billy 7 - Remastered,billy.txt
31,Narrow Way,farwelan.txt
31,Nevertheless,neversay.txt
31,"Don't Think Twice, It's All Right - Live, Remastered",nothingdeliv.txt
31,Man On the Street,manonst.txt
31,'Cross the Green Mountain - From Gods and Generals Soundtrack,whenyouwake.txt
31,Turkey Chase - Remastered,hurrycane.txt
31,Down Along the Cove,downintheflood.txt
31,Summer Days,summerd.txt
31,When He Returns,whenheret.txt
30,Fourth Time Around - Live from London 5/26/66,foreveryoung.txt
30,The Weight - Remastered,doright.txt
30,Hurricane - Live,hurrycane.txt
30,"Tell Me, Momma - Live from London 5/26/66",tellmema.txt
30,Tangled up in Blue - Live,tangledup.txt
30,Something There Is About You,somethingthere.txt
30,We Better Talk This Over - Remastered,webetter.txt
30,Hazel,hazel.txt
30,Maggie's Farm - Remastered,maggiefa.txt
30,Lily of the West - Remastered,clothes.txt
30,All You Have to Do Is Dream - Take 2,allthetired.txt
30,"Only a Hobo - Unreleased, Greatest Hits II",onlyhobo.txt
30,"If Not For You - Alternate Version, New Morning",ifnotforyou.txt
30,Just Like a Woman - Live from London 5/26/66,jliwoman.txt
30,"If You See Her, Say Hello",ifyouseeher.txt
30,Tweedle Dee & Tweedle Dum,tweedle.txt
30,Slow Train - Live,slowtrain.txt
30,Jolene,joey.txt
30,It Had to be You,iwantyou.txt
30,Maggie's Farm - Live Version,maggiefa.txt
30,When the Ship Comes In,whenship.txt
30,Worried Blues,worrblue.txt
30,John Brown - Live,johnbrow.txt
30,Gotta Serve Somebody - Live,gottaserve.txt
30,"Tell Ol' Bill - Alternate Version, North Country Soundtrack",tlachill.txt
30,On a Little Street in Singapore,littlesadie.txt
30,"Someday Baby - Alternate Version, Modern Times",sugarbaby.txt
30,"Dignity - Piano Demo, Oh Mercy",dignity.txt
30,All or Nothing at All,tonightill.txt
30,"Rambling, Gambling Willie",ramgamwl.txt
30,No More Auction Block,nomoauct.txt
30,Disease of Conceit,diseacon.txt
30,Dignity - Live,dignity.txt
30,Man of Constant Sorrow - Live Version,manconst.txt
30,I'll Keep It with Mine,ilkeepwm.txt
30,Tin Angel,youangel.txt
30,Talkin' Bear Mountain Picnic Massacre Blues,talkmtpc.txt
30,Nobody 'Cept You,nobodcep.txt
29,Mr. Tambourine Man - Alternate Take,mrtombou.txt
29,Huck's Tune - from Lucky You Soundtrack,hurrycane.txt
29,Never Say Goodbye,neversay.txt
29,Bessie Smith,honestwith.txt
29,With God on Our Side - Live,withgods.txt
29,"If You Gotta Go, Go Now (Or Else You Got to Stay All Night)",tomorrowisalong.txt
29,Blowin' In the Wind - Live Version,downintheflood.txt
29,You Angel You,youangel.txt
29,She's Your Lover Now,sheyolov.txt
29,A Hard Rain's A-Gonna Fall - Live,hardrain.txt
29,Like a Rolling Stone - Alternate Take,larollin.txt
29,"It Ain't Me, Babe - Live",itaintme.txt
29,Last Thoughts on Woody Guthrie - Live,somethingthere.txt
29,She Belongs to Me - Alternate Take,shebelon.txt
29,"Dreamin' of You - Unreleased, Time Out Of Mind",iwantyou.txt
29,Yazoo Street Scandal,bootspal.txt
29,Early Mornin' Rain - Remastered,newmorning.txt
29,Orange Juice Blues,ringembe.txt
29,Let It Be Me - Remastered,letmedie.txt
29,Apple Suckling Tree,applesuck.txt
29,Tears of Rage,tearsrage.txt
29,Blue Moon - Remastered,babymood.txt
29,Alberta #1 - Remastered,alberta.txt
29,"Lay, Lady, Lay - Remastered",laylady.txt
29,Stuck Inside of Mobile with the Memphis Blues Again - Remastered,littlesadie.txt
29,Paths of Victory,pathvict.txt
29,"Can't Wait - Alternate Version, Time Out Of Mind",cantwait.txt
29,"Lay, Lady, Lay - Remastered",laylady.txt
29,Seven Curses,sevencur.txt
29,"Everything Is Broken - Alternate Version, Oh Mercy",everygrain.txt
29,I Feel a Change Comin' On,gonnachange.txt
29,Big Yellow Taxi - Remastered,isyolovain.txt
29,"This Evening So Soon - Unreleased, Self Portrait",threeangels.txt
29,Lonesome Day Blues,lonesomed.txt
29,"I Shall Be Released - Live, Remastered",ishallbereleased.txt
29,Visions of Johanna - Live from Manchester 5/17/66,visionjo.txt
29,Life Is Hard,leopard.txt
29,Saved - Remastered,saved.txt
29,"Like a Rolling Stone - Live, Remastered",larollin.txt
29,Knockin' on Heaven's Door - Live,knockonheaven.txt
29,Floater (Too Much to Ask),toomuchno.txt
29,Desolation Row - Live from London 5/26/66,desolati.txt
29,"Forever Young - Live, Remastered",foreveryoung.txt
29,I Want You - Live,iwantyou.txt
28,Pressing On - Remastered,pressin.txt
28,"Cocaine Blues - Live, 1997",moneyblu.txt
28,Walls of Red Wing,wallred.txt
28,"Working On a Guru - Unreleased, New Morning",aingogri.txt
28,"Dress It up, Better Have it All",freighttrain.txt
28,Only a Hobo,onlyhobo.txt
28,Who Killed Davey Moore?,whokildm.txt
28,Are You Ready - Remastered,areyourea.txt
28,One Too Many Mornings - Remastered,newmorning.txt
28,Kingsport Town,kingport.txt
28,"It's All Over Now, Baby Blue - Live from Manchester 5/17/66",ishallbereleased.txt
28,"Ballad of a Thin Man - Live, Remastered",ballthin.txt
28,Mr. Tambourine Man - Live from Manchester 5/17/66,mrtombou.txt
28,Quit Your Low Down Ways,quilodow.txt
28,Heart of Mine,heartmine.txt
28,Like a Rolling Stone - Live from Manchester 5/17/66,larollin.txt
28,All Along the Watchtower - Live,aawatcht.txt
28,"It Ain't Me, Babe - Live",itaintme.txt
28,Emotionally Yours - Remastered,emotiona.txt
28,Po' Boy,poboy.txt
28,Katie's Been Gone,tobealone.txt
28,Suze (The Cough Song),foreveryoung.txt
28,I'm Your Teenage Prayer,ifyouseeher.txt
28,"Don't Think Twice, It's All Right - Remastered",nothingdeliv.txt
28,Sitting On a Barbed Wire Fence,sitbawir.txt
28,Ain't No More Cane - (Alternate Version) Take 2,ainnmrit.txt
28,Most Likely You Go Your Way (And I'll Go Mine) - Remastered,tomorrowisalong.txt
28,When I Got Troubles,trouble.txt
28,Rainy Day Women #12 & 35 - Live,rai12&35.txt
28,"Rambler, Gambler",ramgamwl.txt
28,"Knockin' on Heavens Door - Live, Remastered",knockonheaven.txt
28,Call Letter Blues,calllett.txt
28,Wallflower,wallflow.txt
28,Santa-Fe,sara.txt
28,When the Ship Comes In - Live Version,whenship.txt
28,"All Along the Watchtower - Live, Remastered",aawatcht.txt
28,Lo and Behold!,loandbehold.txt
28,"Blowin' in the Wind - Live, Remastered",downintheflood.txt
28,"One More Cup of Coffee (Valley Below) - Live, Remastered",onemocoffee.txt
28,This Dream of You,whereareyou.txt
28,"Is Your Love in Vain? - Live, Remastered",isyolovain.txt
28,"It's All over Now, Baby Blue - Live",ishallbereleased.txt
28,Masters of War - Live Version,mastwar.txt
28,Series of Dreams - (Unreleased) [Oh Mercy],seridrea.txt
27,I Forgot More Than You'll Ever Know - Remastered,ifnotforyou.txt
27,Clothes Line Saga,clothes.txt
27,"Marchin' to the City - Unreleased, Time Out Of Mind",watchinriver.txt
27,Moonlight,moonlight.txt
27,I Don't Believe You (She Acts Like We Never Have Met) - Live from London 5/26/66,ishallbereleased.txt
27,"Please, Mrs. Henry",pleasemrs.txt
27,High Water (For Charley Patton) - Live,highwater.txt
27,"It Ain't Me, Babe - Remastered",itaintme.txt
27,Bye and Bye,byeandbye.txt
27,"Bring Me a Little Water - Unreleased, New Morning",highwater.txt
27,"Mississippi - Unreleased version #2, Time Out Of Mind",mississ.txt
27,I Shall Be Released - Remastered,ishallbereleased.txt
27,Ain't No More Cane,ainnmrit.txt
27,Ballad of a Thin Man - Live Version,ballthin.txt
27,Ballad of a Thin Man - Live from London 5/26/66,ballthin.txt
27,All Along the Watchtower - Remastered,aawatcht.txt
27,"Highway 61 Revisited - Live with The Band, Isle Of Wight, 1969",highwater.txt
27,The Night They Drove Old Dixie Down - Remastered,freighttrain.txt
27,Blowin' in the Wind - Remastered,downintheflood.txt
27,Property of Jesus,property.txt
27,Visions of Johanna - Alternate Take,visionjo.txt
27,Romance in Durango - Live,romance.txt
27,Sally Gal - Alternate Take,allireal.txt
27,Seven Days,sevenday.txt
27,Too Much of Nothing - Take 2,toomuchno.txt
27,"The Times They Are Changin' - Live, Remastered",timchang.txt
27,Shake Shake Mama,thingshave.txt
27,"I Want You - Live, Remastered",iwantyou.txt
27,"Simple Twist of Fate - Live, Remastered",simpletwist.txt
27,"Just Like a Woman - Live, Remastered",jliwoman.txt
27,"Maggie's Farm - Live, Remastered",maggiefa.txt
27,If You Ever Go to Houston,ifyouseeher.txt
27,She Belongs to Me - Live from Manchester 5/17/66,shebelon.txt
27,My Wife's Home Town,someburn.txt
27,Desolation Row - Live from Manchester 5/17/66,desolati.txt
27,"Baby, Let Me Follow You Down - Live from Manchester 5/17/66",babymood.txt
27,Queen Jane Approximately - Live,queenjan.txt
27,Silvio - Remastered,silvio.txt
27,I'll Remember You - Remastered,iremembe.txt
27,Must Be Santa,alberta.txt
27,Little Drummer Boy,littlesadie.txt
27,The Lonesome Death of Hattie Carroll - Live,somethingthere.txt
27,It's All Good,itsalovr.txt
27,Isis - Live,isis.txt
27,Love Minus Zero / No Limit - Live,onemorenight.txt
27,Desolation Row - Alternate Take,desolati.txt
27,Talkin' Hava Negeilah Blues,talkhava.txt
27,Idiot Wind - Remastered,blowwind.txt
27,Just Like Tom Thumb's Blues - Alternate Take,julittbl.txt
27,Knockin' on Heaven's Door - Live,knockonheaven.txt
27,Honest with Me,honestwith.txt
27,Chimes of Freedom - Live Version,chimefre.txt
27,Talkin' John Birch Paranoid Blues,talkinny.txt
27,Eternal Circle,etercirc.txt
27,Blowin' in the Wind - Live,downintheflood.txt
27,Simple Twist of Fate - Live,simpletwist.txt
27,Mr. Tambourine Man - Live,mrtombou.txt
26,"Ain't Talkin' - Alternate Version, Modern Times",tvtalkin.txt
26,Here Comes Santa Claus,preciousangel.txt
26,Stuck Inside of Mobile with the Memphis Blues Again - Alternate Take,littlesadie.txt
26,Copper Kettle - Remastered,tweedle.txt
26,Gotta Travel On - Remastered,gottaserve.txt
26,"Belle Isle - Without Overdubs, Self Portrait",bellisle.txt
26,One Too Many Mornings - Live from Manchester 5/17/66,newmorning.txt
26,The Lonesome River - With Ralph Stanley,lonesomed.txt
26,"Dignity - Unreleased, Oh Mercy",dignity.txt
26,"Annie's Going to Sing Her Song - Unreleased, Self Portrait",somethingthere.txt
26,"32-20 Blues - Unreleased, World Gone Wrong",.txt
26,Tombstone Blues - Alternate Take,tombston.txt
26,"It Takes a Lot to Laugh, It Takes a Train to Cry - Alternate Take",freighttrain.txt
26,"In Search of Little Sadie - Without Overdubs, Self Portrait",littlesadie.txt
26,"Can't Escape from You - Unreleased, December 2005",ifnotforyou.txt
26,Lo and Behold! - Take 2,loandbehold.txt
26,Nothing Was Delivered - Take 1,nothingdeliv.txt
26,Little Sadie - Remastered,littlesadie.txt
26,World Gone Wrong - Remastered,worldgow.txt
26,You're a Big Girl Now - Remastered,youbiggirl.txt
26,Shot of Love,shotlove.txt
26,Delia - Remastered,delia.txt
26,Just Like Tom Thumb's Blues - Live from London 5/26/66,julittbl.txt
26,Yea! Heavy And A Bottle Of Bread,heavybottle.txt
26,Too Much of Nothing,toomuchno.txt
26,The Groom's Still Waiting at the Altar,somethingthere.txt
26,Death Is Not the End - Remastered,deatnoen.txt
26,I Threw It All Away - Remastered,ritamay.txt
26,"Oh, Sister - Remastered",ohsister.txt
26,Ballad of a Thin Man - Remastered,ballthin.txt
26,I Shall Be Released - Live,ishallbereleased.txt
26,"It Takes a Lot to Laugh, It Takes a Train to Cry",freighttrain.txt
26,Every Grain of Sand,everygrain.txt
26,Under the Red Sky - Remastered,unredsky.txt
26,What Can I Do for You? - Remastered,whatcani.txt
26,Covenant Woman - Remastered,covenant.txt
26,A Satisfied Mind - Remastered,troumind.txt
26,Rainy Day Women #12 & 35 - Remastered,rai12&35.txt
26,In the Summertime,insummer.txt
26,Up on Cripple Creek - Remastered,applesuck.txt
26,Sugar Baby,sugarbaby.txt
26,Like a Rolling Stone - Remastered,larollin.txt
26,Cry a While,cryawhile.txt
25,In Search of Little Sadie - Remastered,littlesadie.txt
25,Leopard-Skin Pill-Box Hat - Live from London 5/26/66,leopard.txt
25,Belle Isle - Remastered,bellisle.txt
25,Living the Blues - Remastered,livingthe.txt
25,One Too Many Mornings - Live from London 5/26/66,newmorning.txt
25,The Times They Are A-Changin' - Live,thingshave.txt
25,Joey - Live,joey.txt
25,"It's Alright, Ma (I'm Only Bleeding) - Live, Remastered",tonightill.txt
25,Just Like Tom Thumb's Blues - Live from Manchester 5/17/66,julittbl.txt
25,It Hurts Me Too - Remastered,ithurtsme.txt
25,Golden Loom,goldloom.txt
25,"Love Sick - Live, 2001",lovesick.txt
25,"Mama, You Been on My Mind - Live",mayuonmy.txt
25,Alberta #2 - Remastered,alberta.txt
25,Just Like a Woman - Live,jliwoman.txt
25,The Water Is Wide - Live,heartmine.txt
25,When the Night Comes Falling from the Sky - Remastered,somethingthere.txt
25,"It's Alright, Ma (I'm Only Bleeding) - Remastered",tonightill.txt
25,"Open the Door, Homer",opendoor.txt
25,"Tangled up in Blue - Live, Remastered",tangledup.txt
25,"Tattle O'Day - Unreleased, Self Portrait",tangledup.txt
25,"God Knows - Unreleased, Oh Mercy",godknows.txt
25,Sarah Jane - Remastered,sarahjane.txt
25,"Minstrel Boy - Unreleased, The Basement Tapes",minstrel.txt
25,Solid Rock - Remastered,solidrock.txt
25,"Tell Me, Momma - Live from Manchester 5/17/66",tellmema.txt
25,Just Like a Woman - Remastered,jliwoman.txt
25,Don't Ya Tell Henry,donttell.txt
25,Nothing Was Delivered,nothingdeliv.txt
25,Don't Ya Tell Henry,donttell.txt
25,"Going, Going, Gone - Live, Remastered",goinggoing.txt
25,"All I Really Want to Do - Live, Remastered",allireal.txt
25,Crash on the Levee,shotlove.txt
25,One More Cup of Coffee - Live,onemocoffee.txt
24,You Changed My Life,youchang.txt
24,Lenny Bruce,lennybruce.txt
24,In the Garden - Remastered,ingraden.txt
24,Catfish,catfish.txt
24,"Oh, Sister - Live, Remastered",ohsister.txt
24,I Don't Believe You (She Acts Like We Never Have Met) - Live from Manchester 5/17/66,ishallbereleased.txt
24,The Ballad of Ira Hayes - Remastered,wheelfire.txt
24,Take a Message to Mary - Remastered,timepassesslowly.txt
24,Woogie Boogie - Remastered,whagooam.txt
24,Silver Bells,shebelon.txt
24,Love Henry - Remastered,lovhenry.txt
24,Long Distance Operator,longdist.txt
24,"It's Alright, Ma (I'm Only Bleeding) - Live",tonightill.txt
24,Tiny Montgomery,tinymont.txt
24,Ruben Remus,subterre.txt
24,"Oh, Sister - Live",ohsister.txt
24,Blackjack Davey - Remastered,blackjac.txt
24,"Mama, You Been on My Mind - Live",mayuonmy.txt
24,Leopard-Skin Pill-Box Hat - Alternate Take,leopard.txt
24,Take Me as I Am (Or Let Me Go) - Remastered,timepassesslowly.txt
24,Winter Wonderland,winterlude.txt
24,"The Girl On the Greenbriar Shore - Live, 1992",onemorenight.txt
24,Ballad of a Thin Man - Live from Manchester 5/17/66,ballthin.txt
24,"Lonesome Day Blues - Live, 2002",lonesomed.txt
24,"Miss the Mississippi - Unreleased, 1992",mississ.txt
24,Do You Hear What I Hear?,heartmine.txt
23,I'll Be Home for Christmas,alberta.txt
23,Watered-Down Love,wallred.txt
23,Hark the Herald Angels Sing,threeangels.txt
23,Leopard-Skin Pill-Box Hat - Live from Manchester 5/17/66,leopard.txt
23,The Christmas Blues,heroblue.txt
23,O' Come All Ye Faithful (Adeste Fideles),allthetired.txt
23,"Don't Think Twice, It's All Right - Live",nothingdeliv.txt
23,Have Yourself a Merry Little Christmas,ifyouseeher.txt
23,Spanish Is the Loving Tongue - Remastered,spanishis.txt
23,Trouble,trouble.txt
23,Sittin' on Top of the World - Remastered,sittitop.txt
23,Mary Ann - Remastered,hardrain.txt
23,Highway 61 Revisited - Remastered,highwater.txt
23,The Shape I'm In - Remastered,houserisin.txt
23,Stage Fright - Remastered,doright.txt
23,Endless Highway - Remastered,dowhiway.txt
23,Ragged & Dirty - Remastered,rag&dirt.txt
23,Two Soldiers - Remastered,2sodiers.txt
23,Jack-a-Roe - Remastered,joey.txt
23,"If You Gotta Go, Go Now (Or Else You Got to Stay All Night) - Live",tomorrowisalong.txt
23,Saving Grace - Remastered,savingrace.txt
23,To Ramona - Live,toramona.txt
23,Froggie Went a Courtin' - Remastered,foreveryoung.txt
23,She Belongs to Me - Remastered,shebelon.txt
23,A Fool Such As I - Remastered,toomuchno.txt
23,"It Takes a Lot to Laugh, It Takes a Train to Cry - Live",freighttrain.txt
23,Ye Shall Be Changed - Outtake,ishallbereleased.txt
23,Need a Woman,needwoma.txt
23,Born in Time - Remastered,borntime.txt
23,"Highway 61 Revisited - Live, Remastered",highwater.txt
22,Silver Dagger - Live,seridrea.txt
22,Who Killed Davey Moore? - Live,whokildm.txt
22,Talkin' John Birch Paranoid Blues - Live,talkinny.txt
22,Spanish Harlem Incident - Live,spanishis.txt
22,Mr. Tambourine Man - Live,mrtombou.txt
22,A Hard Rain's A-Gonna Fall - Live,hardrain.txt
22,"Dead Man, Dead Man",deadman.txt
22,Frankie & Albert - Remastered,fran&alb.txt
22,Wiggle Wiggle - Remastered,wiggle.txt
22,Broke Down Engine - Remastered,brodoeng.txt
22,Stack a Lee - Remastered,stackale.txt
22,Christmas Island,highland.txt
22,Let's Stick Together - Remastered,signonthe.txt
22,Seeing the Real You at Last - Remastered,whereareyou.txt
22,Clean Cut Kid - Remastered,cleankid.txt
22,Handy Dandy - Remastered,handydan.txt
22,Unbelievable - Remastered,unbeliev.txt
22,Arthur McBride - Remastered,authormb.txt
22,"It Ain't Me, Babe - Live, Remastered",itaintme.txt
22,Hard Times - Remastered,hardtime.txt
22,Canadee-I-O - Remastered,canadee.txt
22,Jim Jones - Remastered,jimjones.txt
22,Lone Pilgrim - Remastered,lonepilg.txt
21,Diamond Joe - Remastered,diamonjo.txt
21,Shenandoah - Remastered,shenando.txt
21,Tomorrow Night - Remastered,tomorrowisalong.txt
21,When You Awake - Remastered,whenyouwake.txt
21,I Don't Believe You (She Acts Like We Never Have Met) - Live,ishallbereleased.txt
21,Gates of Eden - Live,gateeden.txt
21,Minstrel Boy - Remastered,minstrel.txt
21,The Lonesome Death of Hattie Carroll - Live,somethingthere.txt
21,"I and I - Live, Remastered",standhiw.txt
21,The First Noel,heartmine.txt
21,"Girl of the North Country - Live, Remastered",lovhenry.txt
21,With God on Our Side - Live,withgods.txt
21,Trust Yourself - Remastered,trustyos.txt
21,O' Little Town of Bethlehem,littlesadie.txt
21,They Killed Him - Remastered,whokildm.txt
21,The Christmas Song,heartmine.txt
20,Under Your Spell - Remastered,undspel.txt
20,Little Maggie - Remastered,littlesadie.txt
20,"Masters of War - Live, Remastered",mastwar.txt
20,Step It up and Go - Remastered,step&go.txt
20,"License to Kill - Live, Remastered",licekill.txt
20,Precious Memories - Remastered,preciousangel.txt
20,Got My Mind Made Up - Remastered,gotminup.txt
20,"Maggie's Farm - Live, Remastered",maggiefa.txt
20,"Something's Burning, Baby - Remastered",somethingthere.txt
20,You Wanna Ramble - Remastered,gonnachange.txt
20,T.V. Talkin' Song - Remastered,tvtalkin.txt
20,"10,000 Men - Remastered",10000men.txt
20,2 X 2 - Remastered,2x2.txt
20,God Knows - Remastered,godknows.txt
20,Never Gonna the Same Again - Remastered,gonnachange.txt
20,You're Gonna Quit Me - Remastered,yogonqui.txt
19,Talkin' World War III Blues - Live,worrblue.txt
19,Cat's in the Well - Remastered,catinwel.txt
19,When Did You Leave Heaven? - Remastered,whenyouwake.txt
19,"Had a Dream About You, Baby - Remastered",haddream.txt
19,Ugliest Girl in the World - Remastered,somethingthere.txt
19,Ninety Miles an Hour (Down a Dead End Street) - Remastered,littlesadie.txt
19,Driftin' Too Far from Shore - Remastered,drif2far.txt
19,Maybe Someday - Remastered,maybesom.txt
19,"Ballad of a Thin Man - Live, Remastered",ballthin.txt
19,All I Really Want to Do - Live,allireal.txt
18,Sally Sue Brown - Remastered,allthetired.txt
18,Rank Strangers to Me - Remastered,masterpiece.txt
18,"Tombstone Blues - Live, Remastered",tombston.txt
